<?xml version="1.0" encoding="UTF-8"?>
<project-private xmlns="http://www.netbeans.org/ns/project-private/1">
    <editor-bookmarks xmlns="http://www.netbeans.org/ns/editor-bookmarks/2" lastBookmarkId="1">
        <file>
            <url>src/java/Controller/thanhtoan.java</url>
            <bookmark id="1">
                <name/>
                <line>116</line>
                <key/>
            </bookmark>
        </file>
    </editor-bookmarks>
    <open-files xmlns="http://www.netbeans.org/ns/projectui-open-files/2">
        <group>
            <file>file:/C:/SocialCommercial/web/shipper.jsp</file>
            <file>file:/C:/SocialCommercial/web/xemtrangthaidonhang.jsp</file>
            <file>file:/C:/SocialCommercial/web/quanlidonhang.jsp</file>
            <file>file:/C:/SocialCommercial/src/java/Controller/chat.java</file>
            <file>file:/C:/SocialCommercial/web/chat.jsp</file>
            <file>file:/C:/SocialCommercial/src/java/Model/UserPost.java</file>
            <file>file:/C:/SocialCommercial/src/java/Model/Sendmail.java</file>
            <file>file:/C:/SocialCommercial/src/java/Controller/Shop.java</file>
            <file>file:/C:/SocialCommercial/src/java/Controller/getListUser.java</file>
            <file>file:/C:/SocialCommercial/src/java/Controller/getusernames.java</file>
            <file>file:/C:/SocialCommercial/src/java/Controller/guitinnhan.java</file>
            <file>file:/C:/SocialCommercial/web/assets/vendor/bootstrap/css/bootstrap-grid.css</file>
            <file>file:/C:/SocialCommercial/src/java/Controller/themsanpham.java</file>
            <file>file:/C:/SocialCommercial/src/java/DAO/ChatDAO.java</file>
            <file>file:/C:/SocialCommercial/src/java/Controller/xacnhandon.java</file>
            <file>file:/C:/SocialCommercial/src/java/DAO/DonhangDAO.java</file>
            <file>file:/C:/SocialCommercial/web/nhapmkmoiforget.jsp</file>
            <file>file:/C:/SocialCommercial/web/product_detail.jsp</file>
            <file>file:/C:/SocialCommercial/src/java/Controller/deletecategory.java</file>
            <file>file:/C:/SocialCommercial/src/java/Model/User.java</file>
            <file>file:/C:/SocialCommercial/src/java/Controller/seller.java</file>
            <file>file:/C:/SocialCommercial/src/java/Controller/getcontentchat.java</file>
            <file>file:/C:/SocialCommercial/src/java/Controller/quanlidonhang.java</file>
            <file>file:/C:/SocialCommercial/src/java/Controller/xemdonhang.java</file>
            <file>file:/C:/SocialCommercial/src/java/DAO/ProductDAO.java</file>
            <file>file:/C:/SocialCommercial/web/doimk.jsp</file>
            <file>file:/C:/SocialCommercial/web/forget.jsp</file>
            <file>file:/C:/SocialCommercial/src/java/Controller/doimatkhau.java</file>
            <file>file:/C:/SocialCommercial/src/java/Controller/CategoryControl.java</file>
            <file>file:/C:/SocialCommercial/src/java/Controller/xemdonhangdahuy.java</file>
            <file>file:/C:/SocialCommercial/src/java/Controller/quenmk.java</file>
            <file>file:/C:/SocialCommercial/src/java/Controller/deletemember.java</file>
            <file>file:/C:/SocialCommercial/web/Shop.jsp</file>
            <file>file:/C:/SocialCommercial/web/purchase.jsp</file>
            <file>file:/C:/SocialCommercial/web/subhome/header.jsp</file>
            <file>file:/C:/SocialCommercial/src/java/Model/Product.java</file>
            <file>file:/C:/SocialCommercial/src/java/Controller/muahang.java</file>
            <file>file:/C:/SocialCommercial/src/java/Controller/updatesanpham.java</file>
            <file>file:/C:/SocialCommercial/src/java/Controller/CommentPost.java</file>
            <file>file:/C:/SocialCommercial/src/java/DAO/UserDAO.java</file>
            <file>file:/C:/SocialCommercial/src/java/Controller/thongke.java</file>
            <file>file:/C:/SocialCommercial/src/java/Controller/muangay.java</file>
            <file>file:/C:/SocialCommercial/web/seller.jsp</file>
            <file>file:/C:/SocialCommercial/src/java/DAO/CartDAO.java</file>
            <file>file:/C:/SocialCommercial/src/java/Controller/cart.java</file>
            <file>file:/C:/SocialCommercial/src/java/Controller/DetailControl.java</file>
            <file>file:/C:/SocialCommercial/src/java/Controller/thanhtoan.java</file>
            <file>file:/C:/SocialCommercial/src/java/DAO/ThanhtoanDAO.java</file>
        </group>
    </open-files>
</project-private>
