<?xml version="1.0" encoding="UTF-8"?>
<project-private xmlns="http://www.netbeans.org/ns/project-private/1">
    <editor-bookmarks xmlns="http://www.netbeans.org/ns/editor-bookmarks/2" lastBookmarkId="1">
        <file>
            <url>src/java/Controller/thanhtoan.java</url>
            <bookmark id="1">
                <name/>
                <line>116</line>
                <key/>
            </bookmark>
        </file>
    </editor-bookmarks>
    <open-files xmlns="http://www.netbeans.org/ns/projectui-open-files/2">
        <group>
            <file>file:/C:/SocialCommercialfull/src/java/DAO/CartDAO.java</file>
            <file>file:/C:/SocialCommercialfull/src/java/Controller/thongke.java</file>
            <file>file:/C:/SocialCommercialfull/src/java/DAO/ThanhtoanDAO.java</file>
            <file>file:/C:/SocialCommercialfull/web/quanlidonhang.jsp</file>
            <file>file:/C:/SocialCommercialfull/src/java/Model/LikeSocial.java</file>
            <file>file:/C:/SocialCommercialfull/src/java/Controller/xemdonhanghoanthanh.java</file>
            <file>file:/C:/SocialCommercialfull/web/cart.jsp</file>
            <file>file:/C:/SocialCommercialfull/src/java/Controller/removeitemincart.java</file>
            <file>file:/C:/SocialCommercialfull/src/java/Controller/muangay.java</file>
            <file>file:/C:/SocialCommercialfull/src/java/Model/ItemInCart.java</file>
            <file>file:/C:/SocialCommercialfull/src/java/Controller/themsanpham.java</file>
            <file>file:/C:/SocialCommercialfull/src/java/Controller/cart.java</file>
            <file>file:/C:/SocialCommercialfull/src/java/DAO/ProductDAO.java</file>
            <file>file:/C:/SocialCommercialfull/web/list_member.jsp</file>
            <file>file:/C:/SocialCommercialfull/web/checkout.jsp</file>
            <file>file:/C:/SocialCommercialfull/web/updateproduct.jsp</file>
            <file>file:/C:/SocialCommercialfull/web/user_profile.jsp</file>
            <file>file:/C:/SocialCommercialfull/web/muangay.jsp</file>
            <file>file:/C:/SocialCommercialfull/web/seller.jsp</file>
            <file>file:/C:/SocialCommercialfull/web/view_liked.jsp</file>
            <file>file:/C:/SocialCommercialfull/src/java/Controller/deletecategory.java</file>
            <file>file:/C:/SocialCommercialfull/src/java/DAO/CommentSocialDAO.java</file>
            <file>file:/C:/SocialCommercialfull/src/java/Controller/DisplayEditUserProfile.java</file>
            <file>file:/C:/SocialCommercialfull/src/java/Controller/ReactPostHome.java</file>
            <file>file:/C:/SocialCommercialfull/src/java/Controller/xemdonhangdanggiao.java</file>
            <file>file:/C:/SocialCommercialfull/src/java/DAO/UserDAO.java</file>
            <file>file:/C:/SocialCommercialfull/src/java/DAO/AdminDAO.java</file>
            <file>file:/C:/SocialCommercialfull/src/java/Controller/deletemember.java</file>
            <file>file:/C:/SocialCommercialfull/web/shop/hero__categories.jsp</file>
            <file>file:/C:/SocialCommercialfull/web/otp.jsp</file>
            <file>file:/C:/SocialCommercialfull/src/java/Model/Messenger.java</file>
            <file>file:/C:/SocialCommercialfull/web/shop/header_shop.jsp</file>
            <file>file:/C:/SocialCommercialfull/web/purchase.jsp</file>
            <file>file:/C:/SocialCommercialfull/src/java/Model/Doanhthu.java</file>
            <file>file:/C:/SocialCommercialfull/web/post_detail.jsp</file>
            <file>file:/C:/SocialCommercialfull/src/java/Controller/quanlidonhang.java</file>
            <file>file:/C:/SocialCommercialfull/src/java/Model/ChartStar.java</file>
            <file>file:/C:/SocialCommercialfull/src/java/Model/UserRole.java</file>
            <file>file:/C:/SocialCommercialfull/src/java/Model/Cart.java</file>
            <file>file:/C:/SocialCommercialfull/src/java/Controller/ShipperComplete.java</file>
            <file>file:/C:/SocialCommercialfull/web/shipper.jsp</file>
            <file>file:/C:/SocialCommercialfull/src/java/Controller/taotaikhoanshipper.java</file>
            <file>file:/C:/SocialCommercialfull/src/java/Controller/xemdonhangchovanchuyen.java</file>
            <file>file:/C:/SocialCommercialfull/src/java/Model/Product.java</file>
            <file>file:/C:/SocialCommercialfull/src/java/Controller/muahang.java</file>
            <file>file:/C:/SocialCommercialfull/src/java/Controller/thanhtoan.java</file>
            <file>file:/C:/SocialCommercialfull/web/view_follow.jsp</file>
            <file>file:/C:/SocialCommercialfull/web/taotaikhoanshipper.jsp</file>
            <file>file:/C:/SocialCommercialfull/web/xemtrangthaidonhang.jsp</file>
            <file>file:/C:/SocialCommercialfull/src/java/Model/CommentSocial.java</file>
            <file>file:/C:/SocialCommercialfull/web/onboarding.jsp</file>
            <file>file:/C:/SocialCommercialfull/src/java/DAO/NotificationDAO.java</file>
            <file>file:/C:/SocialCommercialfull/src/java/DAO/DonhangDAO.java</file>
            <file>file:/C:/SocialCommercialfull/web/seller_status.jsp</file>
            <file>file:/C:/SocialCommercialfull/src/java/Model/FollowUser.java</file>
            <file>file:/C:/SocialCommercialfull/src/java/Controller/xemdonhang.java</file>
            <file>file:/C:/SocialCommercialfull/web/chat.jsp</file>
            <file>file:/C:/SocialCommercialfull/src/java/connectSQLServer/DatabaseInfor.java</file>
            <file>file:/C:/SocialCommercialfull/web/admin.jsp</file>
            <file>file:/C:/SocialCommercialfull/web/shipperhoanthanh.jsp</file>
            <file>file:/C:/SocialCommercialfull/src/java/Model/Notification.java</file>
            <file>file:/C:/SocialCommercialfull/src/java/Controller/addtocart.java</file>
            <file>file:/C:/SocialCommercialfull/web/shopping.jsp</file>
            <file>file:/C:/SocialCommercialfull/src/java/Model/User.java</file>
            <file>file:/C:/SocialCommercialfull/web/sellerstatusdemo.jsp</file>
            <file>file:/C:/SocialCommercialfull/web/search_shop.jsp</file>
            <file>file:/C:/SocialCommercialfull/src/java/Controller/getRequestRole.java</file>
            <file>file:/C:/SocialCommercialfull/src/java/Model/UserPost.java</file>
            <file>file:/C:/SocialCommercialfull/src/java/Controller/Shipper.java</file>
            <file>file:/C:/SocialCommercialfull/src/java/Controller/xemdonhangdahuy.java</file>
            <file>file:/C:/SocialCommercialfull/web/viewmember.jsp</file>
            <file>file:/C:/SocialCommercialfull/src/java/Model/requestOfUser.java</file>
            <file>file:/C:/SocialCommercialfull/web/thongke.jsp</file>
            <file>file:/C:/SocialCommercialfull/web/shop/hero_search.jsp</file>
            <file>file:/C:/SocialCommercialfull/src/java/Controller/xacnhandon.java</file>
        </group>
    </open-files>
</project-private>
