<?xml version="1.0" encoding="UTF-8"?>
<project-private xmlns="http://www.netbeans.org/ns/project-private/1">
    <editor-bookmarks xmlns="http://www.netbeans.org/ns/editor-bookmarks/2" lastBookmarkId="0"/>
    <open-files xmlns="http://www.netbeans.org/ns/projectui-open-files/2">
        <group>
            <file>file:/C:/Users/DELL/Desktop/PE%20PRN/bai%20tap/SocialCommercial-Chi%201/SocialCommercial-Chi/SocialCommercial-Chi/src/java/DAO/AdminDAO.java</file>
            <file>file:/C:/Users/DELL/Desktop/PE%20PRN/bai%20tap/SocialCommercial-Chi%201/SocialCommercial-Chi/SocialCommercial-Chi/src/java/connectSQLServer/DatabaseInfor.java</file>
            <file>file:/C:/Users/DELL/Desktop/PE%20PRN/bai%20tap/SocialCommercial-Chi%201/SocialCommercial-Chi/SocialCommercial-Chi/src/java/connectSQLServer/test.java</file>
            <file>file:/C:/Users/DELL/Desktop/PE%20PRN/bai%20tap/SocialCommercial-Chi%201/SocialCommercial-Chi/SocialCommercial-Chi/web/doimk.jsp</file>
            <file>file:/C:/Users/DELL/Desktop/PE%20PRN/bai%20tap/SocialCommercial-Chi%201/SocialCommercial-Chi/SocialCommercial-Chi/web/WEB-INF/web.xml</file>
            <file>file:/C:/Users/DELL/Desktop/PE%20PRN/bai%20tap/SocialCommercial-Chi%201/SocialCommercial-Chi/SocialCommercial-Chi/web/erroradmin.jsp</file>
            <file>file:/C:/Users/DELL/Desktop/PE%20PRN/bai%20tap/SocialCommercial-Chi%201/SocialCommercial-Chi/SocialCommercial-Chi/src/java/Filter/SellerFilter.java</file>
            <file>file:/C:/Users/DELL/Desktop/PE%20PRN/bai%20tap/SocialCommercial-Chi%201/SocialCommercial-Chi/SocialCommercial-Chi/src/java/Filter/AdminFilter.java</file>
            <file>file:/C:/Users/DELL/Desktop/PE%20PRN/bai%20tap/SocialCommercial-Chi%201/SocialCommercial-Chi/SocialCommercial-Chi/src/java/Controller/LoginServlet.java</file>
        </group>
    </open-files>
</project-private>
