<?xml version="1.0" encoding="UTF-8"?>
<project-private xmlns="http://www.netbeans.org/ns/project-private/1">
    <editor-bookmarks xmlns="http://www.netbeans.org/ns/editor-bookmarks/2" lastBookmarkId="0"/>
    <open-files xmlns="http://www.netbeans.org/ns/projectui-open-files/2">
        <group>
            <file>file:/D:/SocialCommercial-Chi/SocialCommercial-Chi/web/list_category.jsp</file>
            <file>file:/D:/SocialCommercial-Chi/SocialCommercial-Chi/web/list_member.jsp</file>
            <file>file:/D:/SocialCommercial-Chi/SocialCommercial-Chi/web/admin/left_admin.jsp</file>
            <file>file:/D:/SocialCommercial-Chi/SocialCommercial-Chi/src/java/Controller/LoginGoogle.java</file>
            <file>file:/D:/SocialCommercial-Chi/SocialCommercial-Chi/nbproject/build-impl.xml</file>
            <file>file:/D:/SocialCommercial-Chi/SocialCommercial-Chi/web/META-INF/context.xml</file>
            <file>file:/D:/SocialCommercial-Chi/SocialCommercial-Chi/web/WEB-INF/web.xml</file>
            <file>file:/D:/SocialCommercial-Chi/SocialCommercial-Chi/src/java/connectSQLServer/DatabaseInfor.java</file>
        </group>
    </open-files>
</project-private>
